Souche;tronc;element;sarment;rameau;rang;x;y;z;diam
1;0;1;0;0;0;-0.96;-2.95;3.3;7.09
1;0;2;0;0;0;-0.48;-5.58;11.59;5.865
1;0;3;0;0;0;-0.43;-6.15;21.64;5.966
1;0;4;0;0;0;-1.24;-6.53;26.28;6.035
1;0;5;0;0;0;-0.67;-6.81;30.8;6.291
1;0;6;0;0;0;-0.99;-6.94;34.59;6.828
1;0;7;0;0;0;-1.77;-6.64;39.91;7.745
1;0;8;0;0;0;-3.53;-3.45;46.34;8.736
1;1;1;0;0;0;-11.17;-5.29;52.52;5.745
1;1;1.A.1;0;0;0;-14.71;-6.03;57.35;7.205
1;1;1.A.2;0;0;0;-8.34;-7.63;61.65;4.94
1;1;1.A.2;0;G1;0;-8.06;-3.81;59.13;1.07
1;1;1.A.2;0;G1;1;-7.82;-3.45;58.31;0.87
1;1;1.A.2;0;G1;2;-8.37;0.1;55.4;0.695
1;1;1.A.2;0;G1;3;-9.6;8.59;48.98;0.728
1;1;1.A.2;0;G1;4;-14.07;20.67;41.21;0.665
1;1;1.A.2;0;G1.4_1;1;-17.2;22.53;41.99;0.36
1;1;1.A.2;0;G1.4_1;2;-19.36;24.59;41.97;0.309
1;1;1.A.2;0;G1.4_1;3;-23.95;29.06;42.49;0.335
1;1;1.A.2;1;0;0;-7;-3.08;64.41;3.655
1;1;1.A.2;1;G1;0;-7.75;-4.07;63.27;0.771
1;1;1.A.2;1;G1;1;-10.66;-2.92;65.59;0.605
1;1;1.A.2;1;G1;2;-15.54;-0.96;67.11;0.524
1;1;1.A.2;1;G1;3;-20.95;1.15;72.38;0.503
1;1;1.A.2;1;G1;4;-28.22;2.01;76.97;0.539
1;1;1.A.2;1;G1;5;-32.9;2.32;81.89;0.515
1;1;1.A.2;1;G1;6;-39.1;1.72;88.12;0.418
1;1;1.A.2;1;G1;7;-41.29;2.12;95.57;0.415
1;1;1.A.2;1;G1;8;-44.42;3.76;100.84;0.427
1;1;1.A.2;1;G1;9;-47.4;3.6;107.92;0.436
1;1;1.A.2;1;G1;10;-49.11;4.46;112.61;0.46
1;1;1.A.2;1;G1;11;-50.79;3.56;118.67;0.408
1;1;1.A.2;1;1M;0;-5.14;-4.24;65.67;1.798
1;1;1.A.2;1;1M;1;-3.93;-5.18;67.33;0.932
1;1;1.A.2;1;1M;2;-4.83;-3.32;71;0.785
1;1;1.A.2;1;1M;3;-6.44;-3.97;74.47;0.753
1;1;1.A.2;1;1M;4;-10.21;0.16;76.57;0.659
1;1;1.A.2;1;1M;5;-13.63;6.47;80.76;0.653
1;1;1.A.2;1;1M;6;-18.66;17.46;84.1;0.654
1;1;1.A.2;1;1M;7;-26.13;25.86;86.32;0.563
1;1;1.A.2;1;1M;8;-30.23;31.82;87.85;0.54
1;1;1.A.2;1;1M;9;-34.12;36.12;89.37;0.551
1;1;1.A.2;1;1M;10;-39.64;42.39;90.43;0.517
1;1;1.A.2;1;1M;11;-45.85;45.42;92.84;0.486
1;1;1.A.2;1;1M.2_1;1;-4.1;-2.04;72.8;0.402
1;1;1.A.2;1;1M.2_1;2;-6.06;0.92;80.63;0.278
1;1;1.A.2;1;1M.11_1;1;-46.78;45.5;93.49;0.602
1;1;1.A.2;1;1M.11_1;2;-48.19;46.32;94.84;0.418
1;1;1.A.2;1;1M.11_1;3;-53.6;48.76;98.29;0.314
1;1;1.A.2;1;2M;0;-6.53;-5.84;65.86;1.127
1;1;1.A.2;1;2M;1;-5.71;-6.28;66.86;1.261
1;1;1.A.2;1;2M;2;-2.6;-7.6;69.3;0.919
1;1;1.A.2;1;2M;3;2.44;-8.26;74.85;0.88
1;1;1.A.2;1;2M;4;9.32;-8.34;83.32;0.896
1;1;1.A.2;1;2M;5;16.84;-9.11;95.49;0.892
1;1;1.A.2;1;2M;6;26.63;-11.54;112.98;0.746
1;1;1.A.2;1;2M.5_1;1;12.62;-8.46;101.01;0.631
1;1;1.A.2;1;2M.5_1;2;10.16;-7.79;105.75;0.602
1;1;1.A.2;1;2M.5_1;3;7.14;-6.12;110.65;0.584
1;1;1.A.2;1;2M.5_1;4;4.15;-5.26;116.35;0.578
1;1;1.A.2;1;2M.5_1;5;1.54;-3.12;120.82;0.566
1;1;1.A.2;1;2M.5_1;6;-0.96;-3.39;126.98;0.54
1;1;1.A.2;1;2M.5_1;7;-3.87;-2.72;132.34;0.525
1;1;1.A.2;1;2M.5_1.7_1;1;-3.73;-1.82;133.11;0.414
1;1;1.A.2;1;2M.5_1.7_1;2;-3.99;-1.66;133.36;0.355
1;1;1.A.2;1;2M.5_1.7_1;3;-3.69;-1.45;134.08;0.265
1;1;1.A.2;1;2M.5_1.7_1;4;-4.14;-1.24;135.48;0.258
1;1;1.A.2;1;2M.5_1.7_1;5;-4.36;-0.22;137.02;0.223
1;1;1.A.2;1;2M.5_1.7_1;6;-4.88;0.35;138.3;0.184
1;1;1.A.2;1;2M.5_1.7_1;7;-5;1.62;141.53;0.171
1;1;1.A.2;2;0;0;-4.15;-8.7;58.9;2.056
1;1;1.A.2;2;1;0;-3.83;-8.88;58.54;1.685
1;1;1.A.2;2;1;1;-3.1;-12.21;58.36;1.063
1;1;1.A.2;2;1;2;-4.32;-19.12;60.18;0.955
1;1;1.A.2;2;1;3;-5.51;-29.93;59.77;0.886
1;1;1.A.2;2;1;4;-7.26;-37.66;60.68;0.857
1;1;1.A.2;2;1;5;-8.34;-46.24;59.13;0.857
1;1;1.A.2;2;1;6;-11.03;-55.91;59.7;0.681
1;1;1.A.2;2;1;7;-12.15;-63.14;59.4;0.584
1;1;1.A.2;2;1.3_1;1;-3.57;-31;59.1;0.323
1;1;1.A.2;2;1.3_1;2;-0.5;-33.16;60.72;0.264
1;1;1.A.2;2;1.4_1;1;-7.01;-38.24;61.97;0.404
1;1;1.A.2;2;1.5_1;1;-5.71;-47.54;57.91;0.623
1;1;1.A.2;2;1.5_1;2;-3.87;-50.47;58.93;0.541
1;1;1.A.2;2;1.5_1;3;0.18;-55.01;61.71;0.488
1;1;1.A.2;2;1.5_1;4;4.26;-60.26;66.29;0.479
1;1;1.A.2;2;1.5_1;5;7.29;-62.77;70.02;0.421
1;1;1.A.2;2;1.6_1;1;-11.13;-56.33;60.65;0.225
1;1;1.A.2;2;1.7_1;1;-11.45;-63.89;59.47;0.499
1;1;1.A.2;2;1.7_1;2;-11.32;-66.35;59.5;0.408
1;1;1.A.2;2;2;0;-1.93;-5.03;59.23;1.265
1;1;1.A.2;2;2;1;-1.18;-4.56;59.05;1.003
1;1;1.A.2;2;2;2;-2.12;-1.75;59.13;0.725
1;1;1.A.2;2;2;3;-3.22;2.42;60.07;0.846
1;1;1.A.2;2;2;4;-7.51;9.45;62.53;0.852
1;1;1.A.2;2;2;5;-12.97;22.68;63.53;0.736
1;1;1.A.2;2;2;6;-16.09;34.07;69.1;0.732
1;1;1.A.2;2;2;7;-17.59;40.19;72.78;0.637
1;1;1.A.2;2;2;8;-19.28;49.15;79.3;0.646
1;1;1.A.2;2;2.5_1;1;-21.29;38.89;64.38;0.257
1;1;1.A.2;2;2.7_1;1;-20.12;50.09;78.8;0.54
1;1;1.A.2;2;2.7_1;2;-20.5;51.39;80.19;0.365
1;1;1.A.3;0;0;0;-11.37;-10.25;61.69;3.136
1;1;1.A.3;1;0;0;-13.51;-10.07;62.11;1.885
1;1;1.A.3;1;1;0;-14.73;-10.18;61.47;1.607
1;1;1.A.3;1;1;1;-15.58;-10.94;62.12;1.423
1;1;1.A.3;1;1;2;-17.45;-11.36;62.96;1.011
1;1;1.A.3;1;1;3;-20.17;-12.35;65.88;0.943
1;1;1.A.3;1;1;4;-24.36;-13.96;69.55;0.916
1;1;1.A.3;1;1;5;-30.36;-18.09;74.13;0.806
1;1;1.A.3;1;1;6;-40.09;-24.94;79.87;0.75
1;1;1.A.3;1;1;7;-49.34;-33.12;83.41;0.716
1;1;1.A.3;1;1;8;-58.02;-38.21;87.67;0.709
1;1;1.A.3;1;1;9;-66.64;-46.06;90.82;0.619
1;1;1.A.3;1;1.5_1;1;-27.22;-20.17;76.22;0.252
1;1;1.A.3;1;1.9_1;1;-66.55;-48.38;93.08;0.389
1;1;1.A.3;1;1.9_1;2;-66.07;-50.22;96.06;0.358
1;1;1.A.3;1;1.9_1;3;-65.11;-52.75;100.46;0.3
1;1;1.A.3;1;2;0;-14.4;-11.34;65.03;1.8
1;1;1.A.3;1;2;1;-14.78;-12.42;67.46;1.234
1;1;1.A.3;1;2;2;-16.45;-15.15;68.33;1.059
1;1;1.A.3;1;2;3;-18.47;-19.15;71.17;1.015
1;1;1.A.3;1;2;4;-22.32;-27.77;72.88;0.967
1;1;1.A.3;1;2;5;-23.55;-36.67;72.73;0.884
1;1;1.A.3;1;2;6;-25.76;-46.13;72.26;0.826
1;1;1.A.3;1;2;7;-26.25;-58.86;69.78;0.79
1;1;1.A.3;1;2.3_1;1;-17.45;-18.74;72.45;0.181
1;1;1.A.3;1;2.5_1;1;-21.58;-39.77;76.63;0.52
1;1;1.A.3;1;2.5_1;2;-18.26;-43.44;79.6;0.465
1;1;1.A.3;1;2.5_1;3;-14.6;-47.19;81.95;0.435
1;1;1.A.3;1;2.5_1;4;-11.92;-49.38;84.03;0.392
1;1;1.A.3;1;2.5_1;5;-9.36;-52.08;85.88;0.372
1;1;1.A.3;1;2.5_1;6;-5.88;-55.79;89;0.371
1;1;1.A.3;1;2.7_1;1;-23.18;-62.88;71.45;0.594
1;1;1.A.3;1;2.7_1;2;-20.37;-67.13;72.23;0.533
1;1;1.A.3;1;2.7_1;3;-17.65;-71.68;74.23;0.517
1;1;2;0;0;0;-23.72;-3.51;56.51;5.012
1;1;2.A;0;0;0;-27.36;-8.76;59.12;4.371
1;1;2.A.1M;0;0;0;-25.03;-9.06;62.46;3.624
1;1;2.A.1M;1;0;0;-23.76;-7;62.1;1.426
1;1;2.A.1M;1;1;0;-23.29;-5.62;63.8;1.167
1;1;2.A.1M;1;1;1;-24.54;-4.56;64.45;0.952
1;1;2.A.1M;1;1;2;-24.75;-2.81;66.52;0.751
1;1;2.A.1M;1;1;3;-24.02;-1.56;71.16;0.692
1;1;2.A.1M;1;1;4;-23.16;-0.1;77.39;0.692
1;1;2.A.1M;1;1;5;-23.57;1.04;84.48;0.712
1;1;2.A.1M;1;1;6;-22.82;3.1;95.82;0.637
1;1;2.A.1M;1;1;7;-23.15;3.41;105.39;0.581
1;1;2.A.1M;1;1;8;-23.04;5.03;113;0.526
1;1;2.A.2M;0;0;0;-31.96;-8.63;60.73;2.734
1;1;2.A.2M;1;0;0;-31.96;-8.63;61;2.734
1;1;2.A.2M;1;1;0;-31.56;-7.17;64.16;1.4
1;1;2.A.2M;1;1;1;-30.91;-7.09;64.61;1.197
1;1;2.A.2M;1;1;2;-30.45;-7.12;68.56;0.989
1;1;2.A.2M;1;1;3;-28.21;-14.73;77.42;0.952
1;1;2.A.2M;1;1;4;-27.82;-22.89;82.77;0.852
1;1;2.A.2M;1;1;5;-28.48;-35.86;86.98;0.81
1;1;2.A.2M;1;1;6;-28.09;-50.23;93.47;0.639
1;1;2.A.2M;1;1;7;-29.1;-58.72;95.28;0.605
1;1;2.A.2M;1;1;8;-27.8;-66.35;97.52;0.516
1;1;2.A.2M;1;1.5_1;1;-31.78;-38.28;90.87;0.373
1;1;2.A.2M;1;1.7_1;1;-30.23;-59.76;97.95;0.479
1;1;2.A.2M;1;1.7_1;2;-31.09;-60.92;100.47;0.411
1;1;2.A.2M;1;1.7_1;3;-31.8;-60.66;106.51;0.354
1;1;2.A.2M;1;1.8_1;1;-26.59;-66.72;99.73;0.389
1;1;2.A.2M;1;2;0;-33.71;-6.02;65.54;1.396
1;1;2.A.2M;1;2;1;-34.82;-5.61;66.68;1.045
1;1;2.A.2M;1;2;2;-35.96;-4.11;70.15;0.97
1;1;2.A.2M;1;2;3;-37.98;-2.99;75.99;0.987
1;1;2.A.2M;1;2;4;-39.25;0.17;83.83;0.992
1;1;2.A.2M;1;2;5;-42.73;2.29;97.05;0.953
1;1;2.A.2M;1;2;6;-47.46;6.51;108.98;0.912
1;1;2.A.2M;1;2;7;-54.22;8.22;120.13;0.845
1;1;3;0;0;0;-33.05;-1.69;56.93;2.888
1;1;3.A.1;0;0;0;-36.51;2.72;53.74;2.503
1;1;3.A.2;0;0;0;-39.75;3.3;58.32;2.303
1;1;3.A.2;1;0;0;-39.75;3.3;59;2
1;1;3.A.2;1;1M;0;-41.57;3.22;61.32;1.043
1;1;3.A.2;1;1M;1;-41.5;4.14;62.44;0.662
1;1;3.A.2;1;1M;2;-42.04;7.79;64.8;0.629
1;1;3.A.2;1;1M;3;-42.65;16.1;66.17;0.657
1;1;3.A.2;1;1M;4;-43.05;22.42;67.98;0.724
1;1;3.A.2;1;1M;5;-44.76;29.3;68.97;0.674
1;1;3.A.2;1;1M;6;-44.48;35.54;69.42;0.605
1;1;3.A.2;1;1M;7;-45.87;42.58;69.49;0.614
1;1;3.A.2;1;1M;8;-44.24;49.5;69.72;0.56
1;1;3.A.2;1;1M;9;-44.18;56.98;70.29;0.517
1;1;3.A.2;1;2M;0;-41.7;1.8;61.88;0.997
1;1;3.A.2;1;2M;1;-43.66;2.74;62.9;0.785
1;1;3.A.2;1;2M;2;-46.27;3.56;66.07;0.729
1;1;3.A.2;1;2M;3;-50.31;5.03;72.09;0.749
1;1;3.A.2;1;2M;4;-55.56;6.33;78.93;0.764
1;1;3.A.2;1;2M;5;-60.25;6.56;87.24;0.782
1;1;3.A.2;1;2M;6;-70.48;6.29;96.15;0.748
1;1;3.A.2;1;2M;7;-77.56;7.92;101.43;0.647
1;1;3.A.2;1;2M;8;-83.67;8.8;106.62;0.635
1;1;3.A.2;1;2M;9;-90.18;11.54;111.71;0.599
1;1;3.A.2;1;2M;10;-95.25;10.78;116.72;0.537
1;1;3.A.2;1;2M;11;-100.29;13.13;120.18;0.47
1;1;3.A.2;1;2M.9_1;1;-89.87;12.46;113.12;0.237
1;1;3.A.2;1;2M.10_1;1;-95.13;10.6;119.01;0.54
1;1;3.A.2;1;2M.10_1;2;-95.08;9.51;121.37;0.343
1;1;3.A.2;1;2M.11_1;1;-100.35;13.75;122.29;0.665
1;1;3.A.2;1;2M.11_1;2;-103.18;13.9;126.58;0.434
1;1;3.A.2;1;2M.11_1.2_1;1;-101.73;11.69;128.02;0.527
1;1;3.A.2;1;2M.11_1.2_1;2;-102.07;11.53;128.18;0.312
1;1;3.A.2;1;2;0;-45.2;4.65;60.56;1.401
1;1;3.A.2;1;2;1;-47.14;4.87;60.26;1.055
1;1;3.A.2;1;2;2;-48.99;8.32;59.34;0.928
1;1;3.A.2;1;2;3;-51.19;15.12;55.96;0.88
1;1;3.A.2;1;2;4;-53.08;24.15;51.1;0.805
1;1;3.A.2;1;2;5;-53.91;30.44;46.63;0.729
1;1;3.A.2;1;2.3_1;1;-50.05;15.32;52.57;0.263
1;1;3.A.2;1;2.4_1;1;-52.11;26.18;52.71;0.509
1;1;3.A.2;1;2.4_1;2;-52.61;29.61;55.65;0.41
1;1;3.A.2;1;2.4_1;3;-51.56;33.63;59.43;0.392
1;1;3.A.2;1;2.4_1;4;-51.05;39.1;64.66;0.364
1;1;3.A.2;1;2.4_1;5;-49.65;43.9;69.22;0.375
1;1;3.A.2;1;2.4_1;6;-49.72;48.86;73.09;0.33
1;1;3.A.2;1;2.4_1;7;-48.84;55.72;78.65;0.34
1;2;1;0;0;0;0.99;0.65;58.39;7.642
1;2;1.A;0;0;0;-1.73;0.73;53.33;5.804
1;2;1.A;1;0;0;-2.67;3.23;56.92;1.314
1;2;1.A;1;1;0;-0.33;6.16;54.76;1.358
1;2;1.A;1;1;1;-0.27;7.68;54.45;1.142
1;2;1.A;1;1;2;-1.08;9.69;55.44;0.781
1;2;1.A;1;1;3;-2.8;12.63;58.76;0.744
1;2;1.A;1;1;4;-5.71;16.36;61.67;0.675
1;2;1.A;1;1;5;-8.03;22.1;66.99;0.648
1;2;1.A;1;1;6;-14.97;32.61;73.25;0.598
1;2;1.A;1;1;7;-17.78;42.23;78.94;0.545
1;2;1.A;1;1;8;-22.43;49.23;83.82;0.48
1;2;1.A;1;1.3_1;1;-3.24;12.31;59.92;0.111
1;2;1.A;1;1.6_1;1;-16.34;44.18;81.12;0.3
1;2;1.A;1;1.7_1;1;-23.35;49.61;84.85;0.248
1;2;1.A;1;1.7_1.1_1;1;-23.55;50.26;85.1;0.278
1;2;1.A;1;1.7_1.1_1;2;-23.27;50.67;85.8;0.223
1;2;1.B.1;0;0;0;3.98;-1.44;61.4;6.207
1;2;1.B.1;1;0;0;1.45;-1.5;61.95;1.83
1;2;1.B.1;1;1;0;0.94;-0.82;62.06;1.647
1;2;1.B.1;1;1;1;0.67;0.16;62.89;1.572
1;2;1.B.1;1;1;2;0.46;1.89;63.71;1.286
1;2;1.B.1;1;1;3;0.08;4.66;66.18;1.169
1;2;1.B.1;1;1;4;0.53;8.96;69.72;1.134
1;2;1.B.1;1;1;5;-0.16;15.23;72.5;1.056
1;2;1.B.1;1;1;6;0.06;25.61;75.71;1.01
1;2;1.B.1;1;1;7;-1.35;33.95;76.24;1.015
1;2;1.B.1;1;1;8;-1.75;43.13;76.11;0.859
1;2;1.B.1;1;1;9;-3.74;55.57;75.98;0.826
1;2;1.B.1;1;1.5_1;1;-5.05;16.84;75.89;0.383
1;2;1.B.1;1;1.5_1;2;-9.21;20.21;76.39;0.348
1;2;1.B.1;1;1.7_1;1;-4.23;35.37;79.44;0.621
1;2;1.B.1;1;1.7_1;2;-6.1;39.59;81.92;0.548
1;2;1.B.1;1;1.7_1;3;-9.23;43.54;84.56;0.545
1;2;1.B.1;1;1.7_1;4;-11.47;48.35;86.52;0.526
1;2;1.B.1;1;1.7_1;5;-13.42;52.55;88.16;0.491
1;2;1.B.1;1;1.7_1;6;-15.57;57.36;89.47;0.496
1;2;1.B.1;1;1.8_1;1;-0.46;45.6;79.57;0.529
1;2;1.B.1;1;1.8_1;2;0.02;49.17;82.37;0.459
1;2;1.B.1;1;1.8_1;3;-0.06;53.98;86.53;0.496
1;2;1.B.1;2;0;0;5.14;-4.36;62.52;1.858
1;2;1.B.1;2;1;0;6.67;-3.68;62.68;1.795
1;2;1.B.1;2;1;1;7.62;-1.42;63.69;1.314
1;2;1.B.1;2;1;2;9.49;1.32;65.1;0.985
1;2;1.B.1;2;1;3;11.52;5.09;66.31;0.775
1;2;1.B.1;2;1;4;13.39;10.48;67.83;0.731
1;2;1.B.1;2;1;5;16.72;17.37;70.72;0.756
1;2;1.B.1;2;1;6;18.38;23.54;72.78;0.764
1;2;1.B.1;2;1;7;20.76;29.04;74.76;0.774
1;2;1.B.1;2;1;8;22.56;38.15;77.75;0.708
1;2;1.B.1;2;1;9;25.54;44.66;81.13;0.626
1;2;1.B.1;2;1;10;26.47;51.81;84.07;0.573
1;2;1.B.1;2;1.9_1;1;27.83;45.25;83.99;0.365
1;2;1.B.1;2;1.9_1;2;29.02;46.46;87.5;0.345
1;2;1.B.1;2;2;0;8.49;-4.45;64.73;0.923
1;2;1.B.1;2;2;1;9.13;-5.54;65.44;0.801
1;2;1.B.1;2;2;2;9.89;-6.87;67.81;0.638
1;2;1.B.1;2;2;3;11.5;-8.76;71.45;0.687
1;2;1.B.1;2;2;4;15.17;-10.55;77.18;0.678
1;2;1.B.1;2;2;5;19.67;-15.22;86.1;0.682
1;2;1.B.1;2;2;6;26.4;-19.41;99.77;0.638
1;2;1.B.1;2;2;7;29.41;-22.05;108.19;0.657
1;2;1.B.1;2;2;8;32.92;-24.96;115.92;0.577
1;2;1.B.1;2;2.5_1;1;20.53;-19.08;90.63;0.222
1;2;1.B.1;2;2.5_1;2;22.61;-23.66;89.15;0.113
1;2;1.B.1;2;2.7_1;1;28.38;-22.95;113.05;0.44
1;2;1.B.1;2;2.7_1;2;28.88;-22.51;118.01;0.381
1;2;1.B.1;2;2.7_1;3;30.06;-22.14;122.35;0.354
1;2;1.B.1;2;2.7_1;4;32.14;-21.63;126.83;0.35
1;2;1.B.1;2;2.8_1;1;34.26;-25.42;116.31;0.326
1;2;1.B.2;0;0;0;11.58;-5.18;58.13;3.53
1;2;1.B.2;1;0;0;12.93;-5.5;58.48;1.843
1;2;1.B.2;1;1;0;15.8;-6.29;58.39;0.86
1;2;1.B.2;1;1;1;16.78;-5.66;59.37;0.74
1;2;1.B.2;1;1;2;17.43;-5.77;62.6;0.674
1;2;1.B.2;1;1;3;17.8;-5.82;66.52;0.718
1;2;1.B.2;1;1;4;19.23;-5.66;72.79;0.674
1;2;1.B.2;1;1;5;20.64;-6.25;83.74;0.555
1;2;1.B.2;1;1;6;21.78;-6.61;94.33;0.513
1;2;1.B.2;1;1;7;22.21;-8.23;101.76;0.542
1;2;1.B.2;1;1;8;21.65;-9.06;111.85;0.462
1;2;1.B.2;1;1;9;20.34;-10.93;119.59;0.447
1;2;1.B.2;1;1.5_1;1;23.63;-6.25;86.64;0.058
1;2;1.B.2;1;1.6_1;1;22.43;-5.03;96.04;0.072
1;2;1.B.2;1;1.7_1;1;24.69;-7.59;102.25;0.072
1;2;1.B.2;1;1.9_1;1;20.93;-10.33;122.7;0.243
1;2;2;0;0;0;11.91;3.88;59.15;3.531
1;2;2;0;G1;0;12.16;4.45;55.73;0.896
1;2;2;0;G1;1;11.59;5.93;56.02;0.58
1;2;2;0;G1;2;10.63;8.18;55.24;0.534
1;2;2;0;G1;3;9.15;11.67;54.98;0.471
1;2;2;0;G1;4;7.85;14.63;51.89;0.45
1;2;2;0;G1;5;7.1;19.15;49.8;0.439
1;2;2;0;G1;6;6.17;24.23;46.81;0.401
1;2;2;0;G1;7;6.04;30.38;45.95;0.381
1;2;2;0;G1;8;5.56;35.53;47.39;0.34
1;2;2;0;G1.8_1;1;6.44;36.27;47.79;0.448
1;2;2;0;G1.8_1;2;6.11;39.1;47.14;0.325
1;2;2;0;G1.8_1;3;6.36;45.86;47.66;0.284
1;2;3;0;0;0;20.68;3.75;59.52;3.518
1;2;3.A;0;0;0;19.42;-1.83;62.41;4.845
1;2;3.A;1;0;0;20.07;-5.87;63.88;2.219
1;2;3.A;1;1;0;19.4;-5.62;65.31;1.257
1;2;3.A;1;1;1;19.06;-5.15;66.5;1.043
1;2;3.A;1;1;2;18.76;-4.38;69.6;0.823
1;2;3.A;1;1;3;18.69;-3.58;75.45;0.869
1;2;3.A;1;1;4;18.42;-2.88;82.91;0.835
1;2;3.A;1;1;5;19.78;-2;92.39;0.821
1;2;3.A;1;1;6;21.35;0.4;104.17;0.786
1;2;3.A;1;1;7;23.39;3.25;112.31;0.749
1;2;3.A;1;1;8;24.07;6.9;122;0.651
1;2;3.A;1;1.5_1;1;24.55;-3.2;93.42;0.283
1;2;3.A;1;1.6_1;1;19.69;-1.33;107.54;0.3
1;2;3.A;1;1.7_1;1;25.77;3.97;114.91;0.477
1;2;3.A;1;1.7_1;2;26.47;6.03;118.96;0.413
1;2;3.A;1;1.7_1;3;27.36;8.22;123.09;0.383
1;2;3.A;1;1.8_1;1;22.09;7.64;124.88;0.3
1;2;3.A;1;1.8_1.1_1;1;22.75;6.79;125.68;0.183
1;2;3.A;1;1.8_1.1_1;2;22.37;6.93;126;0.135
1;2;3.A;1;2;0;19.14;-9.87;65.93;1.729
1;2;3.A;1;2;1;19.06;-11.45;66.95;1.148
1;2;3.A;1;2;2;20.64;-14.12;70.88;0.975
1;2;3.A;1;2;3;21.67;-18.04;77.49;0.937
1;2;3.A;1;2;4;23.7;-21.91;84.56;0.925
1;2;3.A;1;2;5;27.51;-26.25;92.16;0.878
1;2;3.A;1;2;6;29.7;-35.55;104.85;0.675
1;2;3.A;1;2;7;34.23;-43.41;112.47;0.636
1;2;3.A;1;2;8;35.33;-49.97;120.41;0.575
1;2;3.A;1;2.5_1;1;33.26;-26.16;94.43;0.528
1;2;3.A;1;2.5_1;2;38.93;-29.98;95.82;0.484
1;2;3.A;1;2.5_1;3;44.01;-33.13;97.67;0.466
1;2;3.A;1;2.5_1;4;48.12;-36.54;99.01;0.438
1;2;3.A;1;2.5_1;5;52.71;-39.2;101.27;0.447
1;2;3.A;1;2.5_1;6;56.82;-44.55;104.16;0.457
1;2;3.A;1;2.5_1;7;59.4;-47.5;107.4;0.417
1;2;3.A;1;2.5_1;8;61.4;-51.44;109.59;0.411
1;2;3.A;1;2.6_1;1;29;-35.93;108.41;0.341
1;2;3.A;1;2.6_1;2;27.78;-37.52;110.96;0.309
1;2;3.A;1;2.6_1;3;26.65;-39.35;115.72;0.292
1;2;3.A;1;1.7_1;1;37.01;-43.91;114.77;0.362
1;2;3.A;1;1.7_1;2;38.15;-44.71;119.09;0.336
1;2;3.A;1;1.7_1.2_1;1;38.09;-44.29;119.73;0.666
1;2;3.A;1;1.7_1.2_1;2;37.99;-44.4;120.34;0.495
1;2;3.A;1;1.7_1.2_1;3;37.12;-44.34;122.01;0.275
1;2;3.A;1;1.8_1;1;34.33;-49.9;122.58;0.432
1;2;3.A;1;1.8_1;2;33.45;-51.39;125.81;0.411
1;2;3.A;1;1.8_1.2_1;1;33.8;-52.13;126.75;0.542
1;2;3.A;1;1.8_1.2_1;2;33.44;-53.08;129.43;0.375
1;2;4;0;0;0;30.19;-1.46;58.93;3.425
1;2;4.A.1;0;0;0;27.42;-3.32;63.6;3.576
1;2;4.A.1;1;0;0;27.59;-2.23;65.37;2.205
1;2;4.A.1;1;1;0;27.79;-1;66.24;1.355
1;2;4.A.1;1;1;1;27.93;0.06;68.2;1.07
1;2;4.A.1;1;1;2;30.66;3.32;71.57;0.914
1;2;4.A.1;1;1;3;34.16;8.21;75.88;0.876
1;2;4.A.1;1;1;4;39.53;13.31;78.97;0.816
1;2;4.A.1;1;1;5;44.36;18.85;81.86;0.795
1;2;4.A.1;1;1;6;52.23;26.1;83.56;0.737
1;2;4.A.1;1;1;7;57.62;32.83;86.4;0.646
1;2;4.A.1;1;1;8;64.62;38.46;86.65;0.622
1;2;4.A.1;1;1;9;70.11;46.85;89.22;0.471
1;2;4.A.1;1;1.7_1;1;58.42;34.37;88.42;0.425
1;2;4.A.1;1;1.7_1;2;58.84;35.8;91.12;0.405
1;2;4.A.1;1;1.7_1;3;58.63;37.04;96.08;0.363
1;2;4.A.1;1;1.7_1;4;58.02;38.24;100.71;0.355
1;2;4.A.1;1;1.8_1;1;66.56;39.06;87.43;0.473
1;2;4.A.1;1;1.8_1;2;68.02;40.56;88.41;0.439
1;2;4.A.1;1;1.8_1;3;71.15;41.52;92.38;0.311
1;2;4.A.1;1;1.9_1;1;70.03;47.55;89.12;0.724
1;2;4.A.1;1;1.9_1;2;69.83;48.62;89.47;0.609
1;2;4.A.1;1;1.9_1;3;69.56;51.02;91.77;0.478
1;2;4.A.1;1;1.9_1;4;69.38;55.16;96.23;0.374
1;2;4.A.1;1;2;0;29.43;-1.4;68.17;1.87
1;2;4.A.1;1;2;1;31.35;-1.87;69.69;1.178
1;2;4.A.1;1;2;2;34.7;-2.68;72.26;1.004
1;2;4.A.1;1;2;3;39.2;-5.27;75.84;1.005
1;2;4.A.1;1;2;4;45.69;-7.78;79.68;1.009
1;2;4.A.1;1;2;5;54.84;-12.08;83.83;0.925
1;2;4.A.1;1;2;6;63.66;-15.85;86.83;0.865
1;2;4.A.1;1;2;7;70.6;-21.35;88.47;0.784
1;2;4.A.1;1;2;8;80.7;-26.4;90.55;0.716
1;2;4.A.1;1;2;9;88.72;-31.67;92.51;0.736
1;2;4.A.1;1;2;10;98.12;-34.02;94.41;0.672
1;2;4.A.1;1;2;11;108.64;-41.46;95.91;0.629
1;2;4.A.1;1;2;12;118.54;-45.46;99.15;0.574
1;2;4.A.1;1;2.6_1;1;64.16;-15.63;90.27;0.458
1;2;4.A.1;1;1.7_1;1;68.89;-23.35;91.31;0.402
1;2;4.A.1;1;1.9_1;1;88.15;-35.07;95.1;0.59
1;2;4.A.1;1;1.9_1;2;86.74;-38.36;98.88;0.554
1;2;4.A.1;1;1.9_1;3;85.55;-42.11;103.53;0.503
1;2;4.A.1;1;1.9_1;4;84.97;-45.63;107.81;0.504
1;2;4.A.1;1;1.9_1;5;82.86;-48.24;112.72;0.508
1;2;4.A.1;1;1.9_1;6;81.14;-51.95;116.97;0.48
1;2;4.A.1;1;1.9_1;7;78.87;-53.81;120.52;0.481
1;2;4.A.1;1;1.9_1;8;77.52;-57.23;123.87;0.385
1;2;4.A.1;1;1.9_1.8_1;1;77.33;-57.4;124.36;0.235
1;2;4.A.1;1;1.9_1.8_1;2;78.58;-57.45;124.95;0.17
1;2;4.A.1;1;1.11_1;1;108.67;-44.21;98.24;0.43
1;2;4.A.1;1;1.12_1;1;120.49;-45.28;100.61;0.565
1;2;4.A.1;1;1.12_1;2;122.54;-47.02;102.87;0.518
1;2;4.A.1;1;1.12_1;3;125.22;-49.95;108.92;0.474
1;2;4.A.1;1;1.12_1;4;128.72;-52.57;113.68;0.454
1;2;4.A.2;0;0;0;21.15;-1.18;68.9;3.459
1;2;4.A.2;1;0;0;20.62;-1.7;70.3;2.251
1;2;4.A.2;1;1M;0;20.28;-3.34;71.45;1.764
1;2;4.A.2;1;1M;1;21.91;-5.87;72.57;1.081
1;2;4.A.2;1;1M;2;22.47;-8.82;76.46;0.95
1;2;4.A.2;1;1M;3;23.73;-13.88;83.2;0.951
1;2;4.A.2;1;1M;4;26.45;-17.63;92.11;0.922
1;2;4.A.2;1;1M;5;30.07;-26.54;107.19;0.74
1;2;4.A.2;1;1M.5_1;1;27.23;-28.47;111.93;0.573
1;2;4.A.2;1;1M.5_1;2;26.75;-30.53;116.77;0.514
1;2;4.A.2;1;1M.5_1;3;25.58;-31.29;120.91;0.492
1;2;4.A.2;1;1M.5_1;4;25.24;-32.72;125.79;0.49
1;2;4.A.2;1;1M.5_1;5;24.51;-33.07;130.92;0.3
1;2;4.A.2;1;2M;0;20.86;1.77;73.35;1.304
1;2;4.A.2;1;2M;1;20.96;3.13;74.04;1.079
1;2;4.A.2;1;2M;2;21.63;6.88;75.8;0.903
1;2;4.A.2;1;2M;3;23.34;13.29;76.78;0.807
1;2;4.A.2;1;2M;4;25.13;22.99;78.78;0.719
1;2;4.A.2;1;2M;5;26.49;31.86;80.56;0.624
1;2;4.A.2;1;2M;6;28.55;38.63;82.55;0.555
1;2;4.A.2;1;2M.6_1;1;30.16;39.24;85.36;0.423
1;2;4.A.2;1;2M.6_1;2;31.28;41.86;88.74;0.3
1;2;4.A.2;1;3M;0;18.93;2.37;73.62;0.399
1;2;4.A.2;1;3M;1;18.05;3.62;74.49;0.369
1;2;4.A.2;1;3M;2;17.44;5.25;77.51;0.38
1;2;4.B.1;0;0;0;33.47;6.6;63.44;3.212
1;2;4.B.1;0;G1;0;34.57;5;61.57;2.726
1;2;4.B.1;0;G1;1;35.52;5.22;61.23;0.746
1;2;4.B.1;0;G1;2;36.58;6.91;61.34;0.574
1;2;4.B.1;0;G1;3;36.88;11.48;62.83;0.486
1;2;4.B.1;0;G1;4;38;18.17;62.9;0.441
1;2;4.B.1;0;G1;5;38.45;23.79;64.02;0.406
1;2;4.B.1;0;G1;6;35.97;31.42;64.4;0.388
1;2;4.B.1;0;G1;7;33.35;38.27;64.69;0.367
1;2;4.B.1;0;G1;8;30.62;43.6;65.77;0.38
1;2;4.B.1;0;G1;9;30;48.49;67.52;0.378
1;2;4.B.1;0;G1.9_1;1;30.53;49.36;68.31;0.444
1;2;4.B.1;0;G1.9_1;2;30.24;52.66;68.57;0.255
1;2;4.B.1;0;G2;0;34.6;5.13;65.27;2.217
1;2;4.B.1;0;G2;1;35.35;4.92;65.66;0.609
1;2;4.B.1;0;G2;2;37.07;5.92;68.88;0.351
1;2;4.B.2;0;0;0;38.24;1.65;62.24;2.439
1;2;4.B.2;1;0;0;38.24;1.65;61;2
1;2;4.B.2;1;1;0;39.06;1.28;59.84;1.477
1;2;4.B.2;1;1;1;39.3;1.68;59.84;1.494
1;2;4.B.2;1;1;2;42.29;6.24;60.16;1.054
1;2;4.B.2;1;1;3;46.88;12.98;61.24;1.037
1;2;4.B.2;1;1;4;50.87;21.7;63.69;0.94
1;2;4.B.2;1;1;5;56.08;30.9;65.29;0.884
1;2;4.B.2;1;1;6;64.69;46.4;68.58;0.789
1;2;4.B.2;1;1.5_1;1;57.18;36.61;63.79;0.56
1;2;4.B.2;1;1.5_1;2;58.88;42.05;64.46;0.569
1;2;4.B.2;1;1.5_1;3;60.72;49.69;65.75;0.607
1;2;4.B.2;1;1.6_1;1;66.19;48.73;72.45;0.648
1;2;4.B.2;1;1.6_1;2;68.85;52.16;75.89;0.569
1;2;4.B.2;1;2;0;38.45;-1.42;57.35;1.383
1;2;4.B.2;1;2;1;38.38;-2.31;57.25;1.14
1;2;4.B.2;1;2;2;38.31;-4.59;57.22;0.979
1;2;4.B.2;1;2;3;39.13;-9.42;57.04;0.877
1;2;4.B.2;1;2;4;40.71;-17.28;55.34;0.823
1;2;4.B.2;1;2;5;43.03;-27.92;53.61;0.766
1;2;4.B.2;1;2;6;45.87;-37.06;50.69;0.732
1;2;4.B.2;1;2;7;47.72;-45.77;50.54;0.613
1;2;4.B.2;1;2.5_1;1;43.91;-28.64;55.07;0.208
1;2;4.B.2;1;2.6_1;1;48.12;-38.53;51.46;0.279
1;2;4.B.2;1;2.7_1;1;47.43;-47.37;52.43;0.452
